Property,Date,Issue_Type,Repair_Cost,Downtime_Days,Age_Years,Unit_Count
Building 29,2024-01-01,Appliances,2646.5425,2,15,18
Building 15,2024-01-02,Pest Control,2845.724,12,8,43
Building 8,2024-01-03,Roof,1990.0525,2,9,17
Building 21,2024-01-04,Pest Control,2481.4375,6,5,28
Building 19,2024-01-05,HVAC,2281.38,5,10,27
Building 23,2024-01-06,Plumbing,325.0,8,6,15
Building 11,2024-01-07,Water Heater,750.114,5,16,43
Building 11,2024-01-08,Plumbing,1485.225,4,3,36
Building 24,2024-01-09,Pest Control,375.0,9,10,19
Building 36,2024-01-10,Roof,3270.376,6,11,21
Building 24,2024-01-11,Water Heater,4857.4365,0,11,28
Building 3,2024-01-12,Pest Control,5162.684,11,17,29
Building 22,2024-01-13,Appliances,1458.252,6,4,28
Building 2,2024-01-14,Electrical,3707.76,2,4,37
Building 24,2024-01-15,Pest Control,2985.0305000000003,13,17,27
Building 30,2024-01-16,Plumbing,1564.8545,8,9,31
Building 38,2024-01-17,Water Heater,969.075,5,5,30
Building 2,2024-01-18,Plumbing,1452.464,8,6,14
Building 21,2024-01-19,Water Heater,1176.4615,12,3,16
Building 33,2024-01-20,Pest Control,1719.333,4,1,8
Building 12,2024-01-21,HVAC,2927.934,6,16,33
Building 22,2024-01-22,Appliances,2252.6925,12,11,29
Building 25,2024-01-23,Pest Control,3185.5395,13,13,17
Building 27,2024-01-24,Plumbing,4139.5650000000005,3,10,13
Building 28,2024-01-25,Electrical,2868.6865000000003,6,3,24
Building 16,2024-01-26,Electrical,362.5,12,9,31
Building 15,2024-01-27,Roof,400.0,0,12,17
Building 3,2024-01-28,Water Heater,4212.175,6,14,15
Building 37,2024-01-29,Plumbing,262.5,7,1,28
Building 7,2024-01-30,Roof,2225.106,4,17,13
Building 21,2024-01-31,Plumbing,362.5,1,9,28
Building 9,2024-02-01,Water Heater,362.5,4,9,31
Building 18,2024-02-02,Pest Control,3068.415,5,10,40
Building 4,2024-02-03,Pest Control,3998.8725000000004,11,15,25
Building 25,2024-02-04,Electrical,1019.8000000000001,1,5,35
Building 14,2024-02-05,Pest Control,437.5,13,15,39
Building 9,2024-02-06,Pest Control,934.0430000000001,5,2,19
Building 26,2024-02-07,HVAC,3103.6169999999997,5,13,34
Building 2,2024-02-08,Electrical,450.0,0,16,17
Building 20,2024-02-09,Roof,2890.475,13,15,39
Building 28,2024-02-10,Appliances,2149.7400000000002,0,10,33
Building 7,2024-02-11,HVAC,3548.2739999999994,13,14,32
Building 8,2024-02-12,Roof,2372.31,10,10,18
Building 35,2024-02-13,Water Heater,645.354,9,14,30
Building 14,2024-02-14,HVAC,4011.0335,2,9,41
Building 17,2024-02-15,Roof,2168.5539999999996,13,14,30
Building 36,2024-02-16,Water Heater,1632.9654999999998,9,3,36
Building 4,2024-02-17,Electrical,762.138,9,16,38
Building 2,2024-02-18,Appliances,1058.6290000000001,11,2,14
Building 6,2024-02-19,Water Heater,715.08,2,10,40
Building 4,2024-02-20,Pest Control,1448.724,3,3,28
Building 29,2024-02-21,Plumbing,5165.964,1,11,9
Building 18,2024-02-22,Water Heater,387.5,8,11,25
Building 26,2024-02-23,Water Heater,412.5,9,13,40
Building 34,2024-02-24,Appliances,4142.1915,11,7,44
Building 10,2024-02-25,Plumbing,2256.5190000000002,10,17,41
Building 36,2024-02-26,Pest Control,785.422,13,2,27
Building 14,2024-02-27,Roof,4150.240000000001,6,12,42
Building 31,2024-02-28,Roof,1175.73,6,10,25
Building 15,2024-02-29,Water Heater,5360.8455,5,11,31
Building 8,2024-03-01,Plumbing,3952.296,2,16,15
Building 14,2024-03-02,Plumbing,1689.605,5,17,37
Building 23,2024-03-03,Pest Control,4396.495999999999,13,3,17
Building 21,2024-03-04,Appliances,1410.678,11,16,30
Building 16,2024-03-05,Electrical,2946.1900000000005,7,6,18
Building 18,2024-03-06,Roof,2846.7520000000004,7,12,9
Building 24,2024-03-07,Appliances,4466.976000000001,10,11,33
Building 26,2024-03-08,HVAC,5543.405,12,15,43
Building 25,2024-03-09,Roof,2599.1,8,15,40
Building 29,2024-03-10,Appliances,1118.232,0,16,20
Building 15,2024-03-11,Roof,2933.955,13,10,32
Building 1,2024-03-12,Electrical,1127.2160000000001,0,12,11
Building 25,2024-03-13,HVAC,6046.804499999999,2,13,26
Building 7,2024-03-14,Electrical,1920.228,2,4,25
Building 9,2024-03-15,Pest Control,1415.0025000000003,9,7,44
Building 24,2024-03-16,HVAC,1818.4650000000001,7,2,37
Building 1,2024-03-17,Water Heater,437.5,9,15,26
Building 8,2024-03-18,Appliances,533.708,0,8,30
Building 24,2024-03-19,HVAC,3740.121,12,7,23
Building 11,2024-03-20,Pest Control,1272.985,1,15,8
Building 17,2024-03-21,Pest Control,507.28,1,14,19
Building 8,2024-03-22,Electrical,2856.448,2,8,31
Building 35,2024-03-23,Roof,4406.832,12,12,41
Building 35,2024-03-24,HVAC,3697.4024999999997,5,13,15
Building 33,2024-03-25,Appliances,3945.7575,0,11,25
Building 5,2024-03-26,HVAC,1142.4305,1,17,12
Building 28,2024-03-27,Plumbing,462.5,12,17,33
Building 7,2024-03-28,Roof,3721.7639999999997,12,4,37
Building 9,2024-03-29,Appliances,1533.07,0,8,20
Building 8,2024-03-30,Appliances,1467.6,4,5,26
Building 12,2024-03-31,Water Heater,5239.818,12,16,36
Building 34,2024-04-01,Electrical,2474.22,12,4,10
Building 33,2024-04-02,Water Heater,3415.09,6,15,33
Building 23,2024-04-03,Appliances,6130.400000000001,7,12,19
Building 24,2024-04-04,Roof,927.6625,9,5,9
Building 37,2024-04-05,HVAC,4447.116,0,16,18
Building 35,2024-04-06,HVAC,2571.607,6,14,35
Building 22,2024-04-07,Roof,2618.175,12,10,25
Building 27,2024-04-08,Appliances,4227.282,4,7,20
Building 35,2024-04-09,Pest Control,3314.2229999999995,9,13,44
Building 1,2024-04-10,HVAC,2552.6625000000004,0,5,29
Building 35,2024-04-11,Pest Control,3024.224,2,3,19
Building 37,2024-04-12,HVAC,1834.9624999999999,6,15,9
Building 14,2024-04-13,HVAC,632.244,9,4,44
Building 3,2024-04-14,Electrical,526.2425,0,15,14
Building 1,2024-04-15,Electrical,425.0,6,14,33
Building 5,2024-04-16,Plumbing,6124.519499999999,4,13,33
Building 26,2024-04-17,Water Heater,375.0,0,10,31
Building 14,2024-04-18,Roof,1508.2749999999999,0,5,19
Building 27,2024-04-19,Roof,1489.163,13,6,23
Building 9,2024-04-20,Roof,2145.78,0,4,30
Building 15,2024-04-21,Plumbing,2582.041,10,2,16
Building 15,2024-04-22,Electrical,4313.736,8,16,39
Building 26,2024-04-23,Appliances,1010.7625,10,5,22
Building 13,2024-04-24,Pest Control,1519.404,12,4,44
Building 32,2024-04-25,Pest Control,2905.3859999999995,2,13,20
Building 32,2024-04-26,Appliances,1294.084,12,2,12
Building 4,2024-04-27,Plumbing,5309.831999999999,4,13,18
Building 30,2024-04-28,Appliances,3084.6085,10,11,17
Building 37,2024-04-29,Roof,2710.044,9,4,20
Building 23,2024-04-30,Water Heater,3813.5475,11,15,22
Building 15,2024-05-01,HVAC,3288.984,8,4,14
Building 29,2024-05-02,Pest Control,2391.2239999999997,5,9,35
Building 36,2024-05-03,Electrical,337.5,11,7,39
Building 13,2024-05-04,Electrical,2456.558,8,6,42
Building 32,2024-05-05,Plumbing,953.563,7,6,22
Building 7,2024-05-06,Electrical,1519.9099999999999,7,15,43
Building 22,2024-05-07,Roof,3666.25,0,15,28
Building 28,2024-05-08,Pest Control,4077.5595,12,9,13
Building 2,2024-05-09,Appliances,1768.0800000000002,8,4,8
Building 6,2024-05-10,Roof,2237.15,5,5,11
Building 28,2024-05-11,Plumbing,5149.782,8,11,18
Building 28,2024-05-12,Roof,2143.5375,2,5,33
Building 20,2024-05-13,Appliances,5174.22,11,4,44
Building 30,2024-05-14,Water Heater,3315.2960000000003,2,12,30
Building 11,2024-05-15,Plumbing,275.0,5,2,36
Building 28,2024-05-16,Water Heater,3759.8219999999997,8,13,28
Building 25,2024-05-17,HVAC,2803.9049999999997,6,10,34
Building 33,2024-05-18,Water Heater,4159.6585,13,9,20
Building 1,2024-05-19,HVAC,3285.75,12,10,30
Building 27,2024-05-20,HVAC,1751.8950000000002,2,7,23
Building 13,2024-05-21,Water Heater,300.0,2,4,37
Building 3,2024-05-22,Plumbing,1830.105,1,10,11
Building 6,2024-05-23,Appliances,591.5944999999999,8,3,23
Building 8,2024-05-24,Roof,892.562,12,2,38
Building 27,2024-05-25,Roof,3146.16,2,10,32
Building 9,2024-05-26,Appliances,3615.579,10,2,19
Building 37,2024-05-27,Pest Control,2072.554,4,2,33
Building 33,2024-05-28,Pest Control,462.5,13,17,44
Building 24,2024-05-29,HVAC,3490.308,13,16,40
Building 15,2024-05-30,HVAC,4979.322,8,16,35
Building 32,2024-05-31,Plumbing,1324.708,7,14,16
Building 32,2024-06-01,Electrical,1758.483,1,7,19
Building 24,2024-06-02,Water Heater,2272.5480000000002,2,11,12
Building 12,2024-06-03,HVAC,615.9405,1,1,35
Building 2,2024-06-04,Roof,3352.8205000000003,7,11,42
Building 3,2024-06-05,Plumbing,1580.352,5,4,12
Building 37,2024-06-06,Water Heater,2580.5115,5,7,41
Building 17,2024-06-07,Plumbing,829.0799999999999,11,15,41
Building 2,2024-06-08,Water Heater,1550.08,8,12,20
Building 2,2024-06-09,Water Heater,4152.547,7,17,21
Building 28,2024-06-10,Appliances,1091.8740000000003,3,1,18
Building 23,2024-06-11,HVAC,5191.973,11,11,11
Building 37,2024-06-12,Plumbing,1060.92,3,1,40
Building 32,2024-06-13,Plumbing,2970.0125000000003,8,15,14
Building 33,2024-06-14,Appliances,3713.7749999999996,0,10,15
Building 1,2024-06-15,Roof,337.5,12,7,44
Building 19,2024-06-16,Roof,275.0,1,2,17
Building 2,2024-06-17,Pest Control,375.0,1,10,22
Building 26,2024-06-18,HVAC,3406.608,12,4,22
Building 32,2024-06-19,HVAC,1348.736,12,12,12
Building 6,2024-06-20,Electrical,6609.231000000001,5,11,36
Building 32,2024-06-21,Appliances,1161.062,3,8,26
Building 4,2024-06-22,Roof,2562.1655,12,11,17
Building 11,2024-06-23,Water Heater,4876.796,10,11,19
Building 17,2024-06-24,Plumbing,6033.554999999999,9,13,11
Building 38,2024-06-25,HVAC,4275.2975,12,3,38
Building 24,2024-06-26,Plumbing,4446.72,2,12,25
Building 5,2024-06-27,Plumbing,2962.9404999999997,2,3,23
Building 34,2024-06-28,Electrical,3152.67,2,10,43
Building 6,2024-06-29,Roof,4266.47,5,17,32
Building 22,2024-06-30,HVAC,928.0700000000002,13,2,30
Building 11,2024-07-01,Plumbing,1017.4630000000001,7,17,19
Building 16,2024-07-02,HVAC,2603.322,10,16,41
Building 33,2024-07-03,Water Heater,1389.0800000000002,6,2,43
Building 9,2024-07-04,Electrical,1236.885,13,6,44
Building 6,2024-07-05,Water Heater,3324.045,3,10,10
Building 16,2024-07-06,HVAC,3751.26,10,10,16
Building 29,2024-07-07,Pest Control,2166.1499999999996,11,8,25
Building 3,2024-07-08,HVAC,3229.0440000000003,3,1,42
Building 20,2024-07-09,Roof,412.5,10,13,41
Building 36,2024-07-10,Plumbing,1793.6065,9,9,21
Building 19,2024-07-11,Plumbing,992.25,10,10,11
Building 26,2024-07-12,Water Heater,437.5,10,15,36
Building 3,2024-07-13,Electrical,1698.8125,13,5,22
Building 19,2024-07-14,Pest Control,2368.944,10,16,35
Building 20,2024-07-15,Appliances,5139.403499999999,1,13,23
Building 32,2024-07-16,Plumbing,3323.0295,13,11,19
Building 7,2024-07-17,Roof,468.91549999999995,0,9,12
Building 33,2024-07-18,Water Heater,6281.1,8,16,41
Building 18,2024-07-19,Water Heater,3072.454,11,2,8
Building 1,2024-07-20,Appliances,2299.3410000000003,11,2,39
Building 11,2024-07-21,Roof,1921.3919999999998,1,12,33
Building 28,2024-07-22,Electrical,552.468,12,8,24
Building 25,2024-07-23,Roof,1508.8265,7,9,34
Building 23,2024-07-24,Electrical,4236.192,8,12,31
Building 31,2024-07-25,Roof,5108.407999999999,3,9,42
Building 30,2024-07-26,Roof,4721.3550000000005,7,10,33
Building 35,2024-07-27,HVAC,1003.4970000000001,8,2,30
Building 7,2024-07-28,Water Heater,450.0,9,16,29
Building 16,2024-07-29,Roof,2166.7095000000004,9,7,11
Building 26,2024-07-30,Appliances,275.0,4,2,16
Building 2,2024-07-31,Roof,1895.7540000000001,12,1,11
Building 1,2024-08-01,Plumbing,1545.1680000000001,13,4,14
Building 12,2024-08-02,Water Heater,1031.096,6,2,30
Building 5,2024-08-03,Plumbing,425.0,9,14,9
Building 37,2024-08-04,Water Heater,2216.456,3,2,31
Building 32,2024-08-05,Plumbing,1512.0525,0,15,38
Building 9,2024-08-06,Roof,400.0,2,12,38
Building 35,2024-08-07,Roof,312.5,4,5,41
Building 19,2024-08-08,HVAC,1916.6355,2,7,31
Building 16,2024-08-09,Appliances,5099.22,11,10,33
Building 3,2024-08-10,Plumbing,5571.562999999999,12,14,23
Building 20,2024-08-11,Electrical,1610.223,10,14,20
Building 24,2024-08-12,HVAC,984.4625000000001,6,5,22
Building 33,2024-08-13,Plumbing,3341.605,11,14,34
Building 24,2024-08-14,Plumbing,386.958,8,2,11
Building 11,2024-08-15,HVAC,2851.152,11,12,23
Building 8,2024-08-16,Roof,2980.4970000000003,5,6,37
Building 36,2024-08-17,Plumbing,3359.556,12,4,37
Building 38,2024-08-18,Roof,2210.7194999999997,9,13,43
Building 20,2024-08-19,HVAC,1471.152,0,4,10
Building 35,2024-08-20,Roof,823.174,6,14,29
Building 25,2024-08-21,Water Heater,972.7739999999999,2,16,29
Building 35,2024-08-22,Electrical,1441.0439999999999,4,4,19
Building 25,2024-08-23,Pest Control,1946.805,9,1,28
Building 29,2024-08-24,Plumbing,4050.651,3,13,11
Building 18,2024-08-25,Appliances,679.8,9,4,38
Building 18,2024-08-26,Electrical,4019.5480000000002,4,6,38
Building 2,2024-08-27,Pest Control,1324.524,4,3,30
Building 35,2024-08-28,Roof,2353.725,5,13,27
Building 16,2024-08-29,Plumbing,1130.526,13,16,22
Building 36,2024-08-30,Roof,312.5,9,5,30
Building 33,2024-08-31,Water Heater,2906.9399999999996,11,4,35
Building 4,2024-09-01,HVAC,3164.742,9,8,23
Building 33,2024-09-02,Plumbing,1938.918,12,14,44
Building 14,2024-09-03,Pest Control,2056.9815000000003,12,7,28
Building 21,2024-09-04,Pest Control,3429.801,10,14,22
Building 20,2024-09-05,Water Heater,325.0,5,6,24
Building 8,2024-09-06,Water Heater,1388.864,7,12,44
Building 7,2024-09-07,Plumbing,4182.642,7,16,20
Building 3,2024-09-08,Roof,462.5,10,17,26
Building 17,2024-09-09,Appliances,2925.3015,8,13,37
Building 33,2024-09-10,Pest Control,425.0,7,14,25
Building 12,2024-09-11,Pest Control,2650.1445,12,7,21
Building 22,2024-09-12,Water Heater,2398.343,10,14,43
Building 22,2024-09-13,Electrical,437.5,1,15,43
Building 30,2024-09-14,Water Heater,4369.936000000001,13,12,27
Building 38,2024-09-15,Appliances,1187.6075,13,17,26
Building 38,2024-09-16,Roof,810.144,11,9,14
Building 8,2024-09-17,Roof,2923.6025,9,15,11
Building 27,2024-09-18,Electrical,4341.6,11,12,41
Building 27,2024-09-19,Pest Control,365.86000000000007,10,2,9
Building 34,2024-09-20,Water Heater,1897.3125,0,5,12
Building 21,2024-09-21,Roof,3170.805,9,13,17
Building 30,2024-09-22,Appliances,3097.388,1,8,39
Building 33,2024-09-23,Plumbing,2794.953,1,14,20
Building 28,2024-09-24,HVAC,1830.9724999999999,11,15,12
Building 33,2024-09-25,HVAC,836.4575,2,11,17
Building 5,2024-09-26,HVAC,1621.998,9,1,17
Building 19,2024-09-27,Pest Control,311.24749999999995,6,3,34
Building 4,2024-09-28,Water Heater,462.5,1,17,28
Building 35,2024-09-29,Electrical,3281.374,13,14,15
Building 17,2024-09-30,Roof,3422.062,0,8,8
Building 28,2024-10-01,Plumbing,412.5,13,13,35
Building 30,2024-10-02,Appliances,390.195,5,3,21
Building 29,2024-10-03,Plumbing,2663.8375,8,5,28
Building 6,2024-10-04,Appliances,5384.2125,2,9,37
Building 35,2024-10-05,Pest Control,1914.731,5,6,28
Building 37,2024-10-06,Water Heater,714.1200000000001,2,2,16
Building 24,2024-10-07,HVAC,2060.5364999999997,13,13,24
Building 29,2024-10-08,Water Heater,3702.9500000000003,12,5,12
Building 31,2024-10-09,Pest Control,1035.2160000000001,0,8,38
Building 35,2024-10-10,Electrical,599.4345,13,1,26
Building 33,2024-10-11,Electrical,1470.3680000000002,12,12,43
Building 21,2024-10-12,Pest Control,622.077,11,11,40
Building 32,2024-10-13,Appliances,2139.6690000000003,4,7,20
Building 23,2024-10-14,Roof,5665.0125,9,15,21
Building 33,2024-10-15,Roof,2798.3545000000004,13,11,40
Building 3,2024-10-16,Appliances,2110.338,12,16,36
Building 18,2024-10-17,Electrical,1298.3615,10,3,43
Building 25,2024-10-18,Electrical,425.0,3,14,17
Building 31,2024-10-19,Electrical,2784.633,6,3,38
Building 3,2024-10-20,Water Heater,1432.5990000000002,5,1,13
Building 24,2024-10-21,Electrical,2190.0725,9,15,8
Building 32,2024-10-22,Plumbing,5210.541,6,1,14
Building 22,2024-10-23,HVAC,3290.4655000000002,4,17,34
Building 23,2024-10-24,Electrical,685.333,3,2,28
Building 2,2024-10-25,Appliances,1275.313,6,6,35
Building 27,2024-10-26,HVAC,3798.6059999999998,6,8,23
Building 2,2024-10-27,Water Heater,2834.2799999999997,5,16,30
Building 26,2024-10-28,Appliances,262.5,7,1,27
Building 17,2024-10-29,HVAC,2830.3224999999998,3,3,32
Building 33,2024-10-30,Appliances,822.2959999999999,9,3,35
Building 9,2024-10-31,Water Heater,4388.2875,4,5,12
Building 29,2024-11-01,Plumbing,4220.88,3,12,28
Building 26,2024-11-02,Water Heater,1532.7200000000003,11,12,25
Building 35,2024-11-03,Water Heater,4717.548,0,13,13
Building 25,2024-11-04,Appliances,2210.728,11,9,36
Building 24,2024-11-05,Pest Control,3223.8675000000003,7,7,26
Building 13,2024-11-06,Roof,2379.852,0,4,40
Building 7,2024-11-07,Electrical,674.713,4,6,8
Building 36,2024-11-08,Electrical,1224.465,5,13,10
Building 20,2024-11-09,Plumbing,4003.588,5,11,28
Building 1,2024-11-10,Plumbing,1784.8874999999998,12,13,42
Building 8,2024-11-11,Electrical,1659.8835,4,13,10
Building 16,2024-11-12,Roof,698.8975,2,15,32
Building 14,2024-11-13,Electrical,3161.334,4,13,27
Building 12,2024-11-14,Pest Control,5764.109,11,11,41
Building 23,2024-11-15,Roof,385.99399999999997,7,8,28
Building 15,2024-11-16,Plumbing,2067.296,13,8,30
Building 28,2024-11-17,HVAC,4505.16,1,10,13
Building 34,2024-11-18,Appliances,2452.302,5,16,20
Building 2,2024-11-19,Pest Control,3018.7954999999997,8,11,30
Building 32,2024-11-20,Pest Control,464.2605,7,13,16
Building 23,2024-11-21,Plumbing,2785.6530000000002,13,9,24
Building 22,2024-11-22,Plumbing,2239.452,10,16,9
Building 25,2024-11-23,Water Heater,3421.3050000000003,7,7,26
Building 22,2024-11-24,Pest Control,4409.792,7,12,26
Building 22,2024-11-25,Water Heater,7522.410000000001,12,15,14
Building 6,2024-11-26,Water Heater,3548.9199999999996,6,14,27
Building 15,2024-11-27,Appliances,2802.989,7,11,16
Building 37,2024-11-28,Water Heater,2495.73,12,10,24
Building 33,2024-11-29,Roof,1645.356,5,11,34
Building 8,2024-11-30,Electrical,2369.029,1,6,9
Building 5,2024-12-01,HVAC,1237.566,1,2,43
Building 4,2024-12-02,Plumbing,2534.7305,7,11,26
Building 6,2024-12-03,Roof,3769.168,10,6,24
Building 32,2024-12-04,HVAC,582.76,0,14,12
Building 30,2024-12-05,Pest Control,3515.031,5,6,25
Building 35,2024-12-06,Pest Control,5362.8355,12,17,14
Building 16,2024-12-07,Pest Control,1980.1799999999998,5,10,24
Building 13,2024-12-08,Roof,262.5,10,1,43
Building 30,2024-12-09,Roof,898.6099999999999,3,3,11
Building 19,2024-12-10,Plumbing,4027.366,11,8,32
Building 17,2024-12-11,Electrical,1994.7899999999997,10,8,12
Building 19,2024-12-12,Water Heater,613.8475,12,15,37
Building 28,2024-12-13,Pest Control,1207.9125000000001,10,7,19
Building 26,2024-12-14,Appliances,3680.754,12,11,11
Building 37,2024-12-15,Electrical,2769.4035,9,7,31
Building 26,2024-12-16,Appliances,1424.604,2,4,36
Building 23,2024-12-17,Plumbing,1674.384,12,12,16
Building 9,2024-12-18,Plumbing,1324.7910000000002,10,6,11
Building 12,2024-12-19,Plumbing,740.095,2,14,31
Building 1,2024-12-20,HVAC,5163.0560000000005,12,12,21
Building 1,2024-12-21,Appliances,1697.9475000000002,12,11,12
Building 34,2024-12-22,Electrical,3486.0874999999996,0,5,25
Building 32,2024-12-23,Electrical,5309.865,2,14,26
Building 25,2024-12-24,Roof,4586.652,3,16,19
Building 1,2024-12-25,Roof,1609.113,10,13,25
Building 16,2024-12-26,Pest Control,2272.9199999999996,10,4,24
Building 5,2024-12-27,Roof,2206.239,4,11,37
Building 22,2024-12-28,Plumbing,843.4705,2,17,31
Building 29,2024-12-29,Electrical,2439.1800000000003,5,7,18
Building 3,2024-12-30,Appliances,425.0,10,14,42
Building 12,2024-12-31,Plumbing,4272.4974999999995,13,11,30
Building 26,2025-01-01,HVAC,1361.434,11,9,24
Building 16,2025-01-02,Roof,2757.6119999999996,4,13,8
Building 37,2025-01-03,Plumbing,2730.511,2,11,22
Building 22,2025-01-04,Plumbing,2039.1000000000001,5,15,39
Building 29,2025-01-05,HVAC,2200.128,5,1,16
Building 14,2025-01-06,Water Heater,1113.132,13,4,22
Building 28,2025-01-07,Electrical,4094.3309999999997,7,14,35
Building 5,2025-01-08,Appliances,425.0,1,14,31
Building 30,2025-01-09,Pest Control,1827.3729999999998,0,3,42
Building 5,2025-01-10,Water Heater,6628.217000000001,3,17,29
Building 12,2025-01-11,Roof,402.08599999999996,6,3,34
Building 16,2025-01-12,Plumbing,1268.064,10,16,26
Building 26,2025-01-13,HVAC,3426.0099999999998,9,14,19
Building 26,2025-01-14,HVAC,2718.441,2,13,27
Building 21,2025-01-15,Electrical,3212.4575,2,15,8
Building 36,2025-01-16,Water Heater,3379.787,4,14,28
Building 33,2025-01-17,Pest Control,2792.6470000000004,4,6,8
Building 30,2025-01-18,Electrical,4006.005,12,10,17
Building 37,2025-01-19,Plumbing,3326.4,9,15,39
Building 23,2025-01-20,Electrical,1540.0059999999999,2,6,29
Building 10,2025-01-21,Appliances,3284.745,8,10,25
Building 5,2025-01-22,HVAC,4778.8245,3,7,39
Building 36,2025-01-23,HVAC,2412.585,12,17,34
Building 34,2025-01-24,Roof,699.337,12,17,35
Building 31,2025-01-25,Roof,3868.2954999999997,2,9,25
Building 10,2025-01-26,Pest Control,1976.37,10,10,36
Building 19,2025-01-27,Plumbing,375.0,1,10,25
Building 32,2025-01-28,Appliances,3215.916,9,7,15
Building 1,2025-01-29,Water Heater,1550.052,12,16,38
Building 5,2025-01-30,Electrical,1755.5330000000001,10,6,41
Building 4,2025-01-31,Pest Control,1905.939,8,1,14
Building 16,2025-02-01,Plumbing,1742.5275,3,1,43
Building 24,2025-02-02,Roof,3568.6400000000003,2,12,25
Building 16,2025-02-03,Electrical,1068.056,6,2,16
Building 2,2025-02-04,Roof,2417.304,7,4,16
Building 28,2025-02-05,Electrical,2154.3250000000003,10,17,15
Building 32,2025-02-06,Water Heater,2715.228,13,4,42
Building 27,2025-02-07,Plumbing,3296.695,1,11,25
Building 20,2025-02-08,Electrical,505.22399999999993,6,4,12
Building 24,2025-02-09,Appliances,2776.809,11,1,21
Building 12,2025-02-10,Pest Control,1161.594,4,7,35
Building 35,2025-02-11,HVAC,3391.347,10,9,37
Building 33,2025-02-12,Appliances,2132.1229999999996,4,3,11
Building 33,2025-02-13,Appliances,4860.799999999999,2,8,27
Building 37,2025-02-14,Pest Control,1445.028,4,4,32
Building 12,2025-02-15,HVAC,1651.9125000000001,11,11,35
Building 3,2025-02-16,Appliances,2428.688,1,14,19
Building 1,2025-02-17,Electrical,2009.7,3,16,9
Building 33,2025-02-18,Electrical,2679.431,5,3,21
Building 10,2025-02-19,Electrical,437.5,0,15,29
Building 29,2025-02-20,HVAC,349.14,9,4,38
Building 13,2025-02-21,Appliances,344.27500000000003,3,5,30
Building 12,2025-02-22,HVAC,4616.379000000001,5,17,27
Building 31,2025-02-23,Electrical,4497.7545,8,7,11
Building 2,2025-02-24,Pest Control,2403.198,13,16,22
Building 35,2025-02-25,Appliances,2149.31,10,14,31
Building 23,2025-02-26,Appliances,2748.708,10,16,32
Building 17,2025-02-27,Roof,3682.8945000000003,12,7,8
Building 26,2025-02-28,Roof,623.3695,1,9,14
Building 8,2025-03-01,Water Heater,2054.652,10,4,38
Building 29,2025-03-02,Plumbing,3910.216,6,11,19
Building 26,2025-03-03,Roof,2201.32,5,2,12
Building 10,2025-03-04,HVAC,2653.664,1,12,19
Building 26,2025-03-05,Roof,4081.84,7,12,25
Building 34,2025-03-06,Water Heater,300.0,6,4,9
Building 7,2025-03-07,Appliances,2964.141,10,7,17
Building 4,2025-03-08,Water Heater,767.046,4,1,22
Building 11,2025-03-09,Appliances,412.5,11,13,37
Building 29,2025-03-10,Pest Control,2616.016,4,6,24
Building 36,2025-03-11,Pest Control,3849.326,6,6,11
Building 25,2025-03-12,Appliances,2078.096,8,12,14
Building 21,2025-03-13,Plumbing,3497.4239999999995,10,8,38
Building 36,2025-03-14,Roof,4029.3875000000003,8,5,41
Building 10,2025-03-15,HVAC,3620.5125,8,5,13
Building 37,2025-03-16,HVAC,4880.9400000000005,5,10,41
Building 9,2025-03-17,Electrical,2379.657,9,1,22
Building 24,2025-03-18,Appliances,2299.4700000000003,5,10,21
Building 35,2025-03-19,HVAC,312.5,2,5,13
Building 35,2025-03-20,Plumbing,1886.9279999999999,0,12,44
Building 36,2025-03-21,Appliances,705.2805,6,7,39
Building 18,2025-03-22,Plumbing,5565.157999999999,3,9,10
Building 32,2025-03-23,HVAC,2010.448,0,12,10
Building 24,2025-03-24,HVAC,1664.8065000000001,7,1,29
Building 23,2025-03-25,Electrical,3187.7765000000004,11,11,29
Building 32,2025-03-26,HVAC,2621.4300000000003,5,15,17
Building 37,2025-03-27,Appliances,3646.016,5,2,10
Building 12,2025-03-28,Pest Control,1032.8715000000002,1,7,19
Building 13,2025-03-29,Appliances,2662.512,0,12,36
Building 23,2025-03-30,Appliances,728.2719999999999,12,3,24
Building 25,2025-03-31,Electrical,337.5,13,7,14
Building 35,2025-04-01,Electrical,1204.4275,13,11,20
Building 30,2025-04-02,HVAC,2254.8160000000003,1,12,9
Building 17,2025-04-03,Water Heater,1271.101,3,6,11
Building 20,2025-04-04,Water Heater,860.4250000000001,1,5,17
Building 25,2025-04-05,Electrical,262.5,0,1,31
Building 22,2025-04-06,HVAC,2173.728,6,12,24
Building 13,2025-04-07,Water Heater,387.5,10,11,13
Building 19,2025-04-08,HVAC,2743.272,10,4,26
Building 36,2025-04-09,HVAC,1848.816,11,4,12
Building 12,2025-04-10,HVAC,462.5,7,17,39
Building 19,2025-04-11,Roof,1220.857,5,2,17
Building 12,2025-04-12,Appliances,684.893,3,2,16
Building 9,2025-04-13,HVAC,2881.744,13,12,34
Building 7,2025-04-14,Roof,3801.85,5,6,20
Building 28,2025-04-15,Electrical,375.0,2,10,26
Building 14,2025-04-16,Water Heater,2837.754,11,16,28
Building 31,2025-04-17,Appliances,2165.5449999999996,7,14,31
Building 19,2025-04-18,Pest Control,2954.4345,9,7,11
Building 16,2025-04-19,Water Heater,3116.362,13,17,31
Building 5,2025-04-20,Appliances,903.1035,12,9,42
Building 35,2025-04-21,Pest Control,1813.416,12,13,10
Building 12,2025-04-22,Water Heater,717.9625,1,5,11
Building 25,2025-04-23,Appliances,3292.0125000000003,4,5,44
Building 21,2025-04-24,Water Heater,2210.16,0,10,42
Building 36,2025-04-25,Water Heater,5311.965,5,10,38
Building 23,2025-04-26,Pest Control,1867.4145,1,7,32
Building 16,2025-04-27,Water Heater,1173.8125,3,15,20
Building 14,2025-04-28,Water Heater,337.5,5,7,11
Building 31,2025-04-29,Pest Control,437.5,9,15,21
Building 5,2025-04-30,Electrical,287.5,10,3,20
Building 35,2025-05-01,HVAC,2615.7599999999998,7,10,34
Building 23,2025-05-02,Plumbing,3516.7999999999997,11,15,13
Building 29,2025-05-03,Roof,287.5,7,3,24
Building 11,2025-05-04,Plumbing,3164.902,10,6,43
Building 18,2025-05-05,Plumbing,1469.808,5,12,42
Building 12,2025-05-06,Appliances,2820.0725,3,15,24
Building 9,2025-05-07,HVAC,4190.472000000001,7,6,9
Building 10,2025-05-08,Appliances,4020.258,12,13,20
Building 17,2025-05-09,HVAC,1327.8129999999999,7,3,9
Building 38,2025-05-10,Pest Control,657.5659999999999,9,8,35
Building 7,2025-05-11,Pest Control,350.0,13,8,33
Building 13,2025-05-12,HVAC,1153.1274999999998,0,15,29
Building 9,2025-05-13,Water Heater,1461.312,3,4,10
Building 27,2025-05-14,Electrical,418.715,3,3,42
Building 2,2025-05-15,Water Heater,2154.2729999999997,6,13,19
Building 5,2025-05-16,Electrical,2148.3559999999998,13,8,31
Building 29,2025-05-17,Appliances,2164.788,13,16,12
Building 37,2025-05-18,Electrical,1212.75,10,13,27
Building 38,2025-05-19,Appliances,1880.8479999999997,6,3,20
Building 19,2025-05-20,Pest Control,3485.034,12,16,19
Building 8,2025-05-21,Plumbing,363.312,10,9,20
Building 1,2025-05-22,Pest Control,5103.451,7,14,17
Building 22,2025-05-23,Pest Control,2213.5575,10,13,40
Building 17,2025-05-24,Plumbing,1985.4855000000002,4,7,23
Building 7,2025-05-25,Electrical,3900.8199999999997,6,15,42
Building 25,2025-05-26,Electrical,2303.829,7,7,10
Building 4,2025-05-27,Appliances,3247.9849999999997,8,6,12
Building 36,2025-05-28,Water Heater,1942.424,2,2,33
Building 6,2025-05-29,Appliances,1125.664,2,9,18
Building 31,2025-05-30,Water Heater,3418.1525,3,17,14
Building 19,2025-05-31,Pest Control,312.5,4,5,17
Building 27,2025-06-01,Plumbing,2511.072,9,12,41
Building 10,2025-06-02,Pest Control,1484.1225000000002,0,1,10
Building 26,2025-06-03,HVAC,1831.605,6,10,15
Building 19,2025-06-04,Electrical,2028.3455,8,11,38
Building 3,2025-06-05,Water Heater,450.0,7,16,18
Building 13,2025-06-06,Appliances,1438.8799999999999,4,14,14
Building 28,2025-06-07,Plumbing,2172.982,13,8,9
Building 20,2025-06-08,Water Heater,3007.804,13,17,13
Building 28,2025-06-09,Appliances,511.29600000000005,3,12,39
Building 8,2025-06-10,Electrical,5258.218000000001,11,17,27
Building 1,2025-06-11,Pest Control,845.257,6,14,41
Building 3,2025-06-12,Electrical,4529.52,4,16,23
Building 13,2025-06-13,Roof,3263.847,6,14,32
Building 28,2025-06-14,HVAC,1071.7675,11,9,19
Building 25,2025-06-15,Roof,4083.408,0,4,14
Building 33,2025-06-16,Plumbing,387.5,0,11,24
Building 38,2025-06-17,Water Heater,3199.3910000000005,9,6,18
Building 6,2025-06-18,Plumbing,4463.62,13,15,13
Building 32,2025-06-19,Pest Control,890.4000000000001,12,5,30
Building 21,2025-06-20,Appliances,4621.6505,2,11,34
Building 16,2025-06-21,Electrical,1938.6675,13,13,13
Building 21,2025-06-22,Roof,2739.718,10,11,9
Building 11,2025-06-23,Roof,2951.7949999999996,1,14,29
Building 37,2025-06-24,Pest Control,2278.955,1,15,27
Building 36,2025-06-25,Roof,3395.7405,6,9,32
Building 35,2025-06-26,Pest Control,3251.976,11,8,22
Building 19,2025-06-27,Plumbing,262.5,9,1,36
Building 20,2025-06-28,Electrical,3461.7239999999997,1,4,15
Building 18,2025-06-29,Water Heater,425.0,10,14,44
Building 14,2025-06-30,Appliances,2844.3800000000006,3,2,40
Building 15,2025-07-01,Water Heater,4840.884,1,16,29
Building 31,2025-07-02,Plumbing,287.5,5,3,12
Building 1,2025-07-03,Appliances,1397.34,7,8,25
Building 3,2025-07-04,Roof,325.0,9,6,44
Building 16,2025-07-05,HVAC,2184.462,3,16,37
Building 23,2025-07-06,Plumbing,2000.0880000000002,4,16,38
Building 11,2025-07-07,Plumbing,3115.3005000000003,3,7,17
Building 12,2025-07-08,Electrical,4770.711,2,13,22
Building 10,2025-07-09,Water Heater,4925.662499999999,4,13,25
Building 32,2025-07-10,Plumbing,1039.525,13,5,30
Building 16,2025-07-11,Plumbing,2134.7549999999997,8,15,40
Building 8,2025-07-12,Roof,275.0,7,2,23
Building 38,2025-07-13,Roof,845.31,7,10,42
Building 12,2025-07-14,Appliances,4143.711,7,13,41
Building 24,2025-07-15,Pest Control,5647.495,11,15,35
Building 28,2025-07-16,Pest Control,400.0,7,12,9
Building 8,2025-07-17,HVAC,1397.0075,6,15,37
Building 28,2025-07-18,Pest Control,2344.5675,7,13,20
Building 36,2025-07-19,Electrical,3076.815,10,15,23
Building 26,2025-07-20,HVAC,867.1320000000001,13,11,12
Building 8,2025-07-21,Appliances,2203.9404999999997,7,3,35
Building 28,2025-07-22,Roof,1253.853,12,7,27
Building 28,2025-07-23,Pest Control,2437.97,13,14,31
Building 37,2025-07-24,Water Heater,3486.5469999999996,7,14,34
Building 36,2025-07-25,Roof,2404.149,11,13,37
Building 27,2025-07-26,Electrical,1551.968,9,12,34
Building 17,2025-07-27,Roof,1927.6735,6,9,33
Building 9,2025-07-28,Electrical,1420.44,11,1,14
Building 33,2025-07-29,Electrical,1616.6345000000001,0,11,12
Building 20,2025-07-30,Electrical,1864.512,3,12,30
Building 13,2025-07-31,Appliances,3368.9355000000005,12,1,35
Building 28,2025-08-01,Electrical,3823.9685000000004,12,17,41
Building 29,2025-08-02,Electrical,1406.2125,3,5,22
Building 13,2025-08-03,Water Heater,2549.1475,4,3,39
Building 35,2025-08-04,HVAC,1191.0800000000002,9,2,33
Building 6,2025-08-05,Plumbing,3151.506,5,3,38
Building 18,2025-08-06,HVAC,2599.254,3,8,26
Building 5,2025-08-07,Electrical,2397.5460000000003,1,16,16
Building 25,2025-08-08,Water Heater,2525.237,5,6,36
Building 2,2025-08-09,Roof,412.5,7,13,11
Building 10,2025-08-10,Water Heater,450.0,7,16,10
Building 30,2025-08-11,Electrical,450.0,6,16,36
Building 5,2025-08-12,Water Heater,1848.3259999999998,5,3,18
Building 33,2025-08-13,Pest Control,5537.0205,1,13,40
Building 1,2025-08-14,Water Heater,6637.531,6,14,18
Building 18,2025-08-15,Electrical,3012.604,10,8,34
Building 32,2025-08-16,Appliances,3201.4880000000003,11,12,40
Building 11,2025-08-17,Pest Control,350.0,13,8,28
Building 21,2025-08-18,Water Heater,1236.937,13,9,38
Building 26,2025-08-19,Plumbing,612.6120000000001,4,1,9
Building 25,2025-08-20,Plumbing,997.1910000000001,5,6,34
Building 22,2025-08-21,Water Heater,1960.812,9,11,43
Building 27,2025-08-22,Appliances,1442.585,7,11,18
Building 13,2025-08-23,Roof,412.5,13,13,25
Building 33,2025-08-24,Electrical,3522.685,7,11,8
Building 34,2025-08-25,Plumbing,472.46500000000003,2,15,42
Building 35,2025-08-26,Roof,1798.8285,11,1,42
Building 1,2025-08-27,Water Heater,5037.5115,11,7,38
Building 21,2025-08-28,Roof,723.822,13,13,35
Building 6,2025-08-29,Pest Control,400.0,6,12,8
Building 28,2025-08-30,HVAC,1986.9500000000003,0,15,32
Building 17,2025-08-31,Plumbing,3725.4839999999995,0,8,27
Building 5,2025-09-01,Water Heater,5406.2699999999995,6,10,10
Building 31,2025-09-02,Electrical,337.5,9,7,9
Building 5,2025-09-03,Appliances,3593.466,8,16,25
Building 38,2025-09-04,Pest Control,1219.608,6,6,17
Building 3,2025-09-05,Water Heater,1933.517,9,9,12
Building 23,2025-09-06,Electrical,7191.986999999999,4,13,16
Building 37,2025-09-07,Appliances,350.0,7,8,9
Building 37,2025-09-08,Appliances,3112.3979999999997,1,16,41
Building 10,2025-09-09,Water Heater,3241.359,8,13,38
Building 10,2025-09-10,Pest Control,4363.194,5,13,17
Building 19,2025-09-11,Roof,2881.893,12,17,19
Building 17,2025-09-12,Roof,2236.075,8,5,43
Building 21,2025-09-13,Appliances,1885.5015,1,17,28
Building 14,2025-09-14,Roof,2531.758,2,9,13
Building 9,2025-09-15,HVAC,1179.739,11,2,10
Building 1,2025-09-16,Appliances,3093.9085,7,9,17
Building 13,2025-09-17,Appliances,1356.459,0,6,12
Building 4,2025-09-18,Electrical,2890.4555,9,11,33
Building 1,2025-09-19,Roof,1843.153,6,6,28
Building 32,2025-09-20,Pest Control,3495.258,6,6,33
Building 34,2025-09-21,Appliances,2299.2255,12,13,33
Building 28,2025-09-22,Pest Control,387.5,0,11,15
Building 31,2025-09-23,HVAC,4824.787,8,14,12
Building 8,2025-09-24,Electrical,499.059,7,2,22
Building 26,2025-09-25,Water Heater,1023.204,3,8,23
Building 34,2025-09-26,Pest Control,913.9854999999999,9,3,8
Building 3,2025-09-27,Appliances,3406.162,10,3,23
Building 12,2025-09-28,HVAC,262.5,4,1,44
Building 1,2025-09-29,Plumbing,9067.812000000002,1,17,10
Building 5,2025-09-30,HVAC,4309.239,12,13,38
Building 30,2025-10-01,HVAC,1949.8939999999998,8,3,20
Building 30,2025-10-02,Electrical,1459.1009999999999,11,1,23
Building 17,2025-10-03,Water Heater,2116.932,11,4,28
Building 23,2025-10-04,Plumbing,3338.3295,5,13,9
Building 15,2025-10-05,Roof,3995.519,2,17,34
Building 37,2025-10-06,Roof,3194.798,11,11,33
Building 21,2025-10-07,Pest Control,1703.394,6,2,32
Building 14,2025-10-08,HVAC,2219.2740000000003,8,16,18
Building 2,2025-10-09,Electrical,1411.96,2,2,15
Building 11,2025-10-10,Electrical,2224.08,1,16,15
Building 38,2025-10-11,Roof,3910.8675,6,9,40
Building 34,2025-10-12,Pest Control,2208.0555,6,1,14
Building 38,2025-10-13,Pest Control,375.0,3,10,28
Building 34,2025-10-14,Pest Control,2280.0645,10,1,15
Building 18,2025-10-15,Plumbing,1830.631,8,2,28
Building 30,2025-10-16,Water Heater,2572.956,13,16,27
Building 15,2025-10-17,Plumbing,1636.208,7,12,15
Building 27,2025-10-18,Appliances,3761.1279999999997,12,8,38
Building 34,2025-10-19,Appliances,2741.5080000000003,12,2,36
Building 38,2025-10-20,Water Heater,989.7195,0,13,16
Building 33,2025-10-21,Roof,2467.088,0,6,22
Building 24,2025-10-22,Water Heater,495.53400000000005,4,6,37
Building 15,2025-10-23,Electrical,362.5,5,9,33
Building 30,2025-10-24,Appliances,1369.098,2,16,17
Building 17,2025-10-25,HVAC,3717.8765000000003,12,11,36
Building 5,2025-10-26,HVAC,3372.8940000000002,8,7,23
Building 29,2025-10-27,Roof,3021.585,11,10,43
Building 4,2025-10-28,Electrical,3371.415,9,10,27
Building 10,2025-10-29,Plumbing,2925.81,13,9,44
Building 17,2025-10-30,Electrical,1302.6475,5,15,29
Building 10,2025-10-31,HVAC,2310.1319999999996,3,4,14
Building 17,2025-11-01,HVAC,3262.6299999999997,11,8,30
Building 20,2025-11-02,Appliances,3305.5939999999996,6,9,36
Building 24,2025-11-03,Electrical,4550.37,7,13,23
Building 5,2025-11-04,Electrical,3232.2385,8,9,35
Building 34,2025-11-05,HVAC,2203.908,12,4,38
Building 6,2025-11-06,Plumbing,4860.2645,10,17,21
Building 2,2025-11-07,Roof,2557.494,5,16,40
Building 13,2025-11-08,Pest Control,839.895,5,15,16
Building 11,2025-11-09,Roof,1461.2245,7,3,34
Building 23,2025-11-10,Electrical,788.2625,11,5,31
Building 16,2025-11-11,Roof,884.125,4,5,20
Building 31,2025-11-12,HVAC,2259.3025,13,15,33
Building 11,2025-11-13,HVAC,1012.095,2,15,36
Building 16,2025-11-14,Electrical,1222.364,11,2,35
Building 8,2025-11-15,Electrical,412.5,2,13,35
Building 4,2025-11-16,Pest Control,2021.5439999999999,12,4,15
Building 4,2025-11-17,Pest Control,2176.995,5,10,30
Building 25,2025-11-18,Appliances,909.48,1,13,36
Building 3,2025-11-19,Electrical,3262.755,5,10,12
Building 32,2025-11-20,Plumbing,3597.9285,12,9,14
Building 3,2025-11-21,Roof,350.0,5,8,43
Building 27,2025-11-22,Electrical,702.65,7,3,34
Building 29,2025-11-23,Water Heater,1087.092,6,16,9
Building 32,2025-11-24,Appliances,707.3870000000001,7,14,32
Building 19,2025-11-25,Water Heater,3425.509,13,9,16
Building 21,2025-11-26,HVAC,1917.0245,8,11,34
Building 5,2025-11-27,Pest Control,1332.8845,5,3,8
Building 18,2025-11-28,Roof,312.5,13,5,30
Building 28,2025-11-29,Electrical,3223.44,2,10,17
Building 22,2025-11-30,Water Heater,412.5,9,13,32
Building 21,2025-12-01,Roof,1819.116,2,4,10
Building 6,2025-12-02,HVAC,2895.9314999999997,10,13,13
Building 1,2025-12-03,Pest Control,4714.7519999999995,11,12,13
Building 5,2025-12-04,Plumbing,312.5,0,5,9
Building 12,2025-12-05,Appliances,375.0,10,10,25
Building 26,2025-12-06,Roof,2395.7335,12,9,30
Building 34,2025-12-07,Roof,4631.256,4,7,9
Building 14,2025-12-08,Plumbing,3094.1240000000003,13,2,19
Building 26,2025-12-09,Roof,2268.8505000000005,3,7,29
Building 27,2025-12-10,HVAC,1272.8799999999999,8,8,44
Building 9,2025-12-11,HVAC,3156.0705000000003,8,7,27
Building 26,2025-12-12,Plumbing,644.47,13,14,31
Building 22,2025-12-13,Appliances,2467.4875,4,5,27
Building 30,2025-12-14,Electrical,3209.632,9,12,8
Building 17,2025-12-15,Water Heater,4840.025500000001,3,17,8
Building 26,2025-12-16,Electrical,7401.2895,6,13,24
Building 36,2025-12-17,Roof,2069.8260000000005,5,2,8
Building 1,2025-12-18,Water Heater,1468.731,3,13,37
Building 8,2025-12-19,Plumbing,1919.5245,12,7,10
Building 35,2025-12-20,Plumbing,375.0,12,10,18
Building 15,2025-12-21,Appliances,891.5660000000001,9,6,31
Building 22,2025-12-22,Water Heater,1149.7585,1,3,29
Building 14,2025-12-23,HVAC,1004.525,0,3,33
Building 26,2025-12-24,Water Heater,2507.2644999999998,3,11,20
Building 28,2025-12-25,Roof,681.6750000000001,3,5,8
Building 23,2025-12-26,HVAC,4695.4775,12,15,31
Building 14,2025-12-27,Pest Control,2610.414,0,16,17
Building 24,2025-12-28,Pest Control,2087.6665,5,9,42
Building 2,2025-12-29,Pest Control,1307.184,3,4,31
Building 26,2025-12-30,Plumbing,2836.2425000000003,0,15,35
Building 14,2025-12-31,Water Heater,3772.1760000000004,0,12,43
Building 7,2026-01-01,Pest Control,570.584,12,3,23
Building 3,2026-01-02,Electrical,1234.319,0,14,23
Building 23,2026-01-03,Appliances,2064.4150000000004,7,17,24
Building 18,2026-01-04,Electrical,325.0,9,6,22
Building 38,2026-01-05,Pest Control,658.5840000000001,7,4,23
Building 35,2026-01-06,Appliances,1250.316,1,7,22
Building 15,2026-01-07,Roof,4461.8855,10,17,41
Building 25,2026-01-08,Electrical,3129.8759999999997,12,16,18
Building 37,2026-01-09,Water Heater,2910.1625,6,15,8
Building 28,2026-01-10,Water Heater,3340.3859999999995,13,8,22
Building 10,2026-01-11,Electrical,1818.446,7,8,33
Building 17,2026-01-12,Pest Control,3383.118,7,16,11
Building 22,2026-01-13,Water Heater,2004.69,10,10,12
Building 26,2026-01-14,Roof,3222.5150000000003,9,17,42
Building 25,2026-01-15,HVAC,1334.8005,10,13,20
Building 17,2026-01-16,Pest Control,412.5,12,13,17
Building 13,2026-01-17,Roof,1758.0915,6,7,18
Building 20,2026-01-18,Appliances,4522.53,4,10,25
Building 25,2026-01-19,Roof,2715.724,0,2,41
Building 4,2026-01-20,Pest Control,3014.328,11,4,30
Building 10,2026-01-21,Appliances,3652.662,8,6,14
Building 3,2026-01-22,Pest Control,2011.776,12,6,10
Building 18,2026-01-23,Water Heater,3084.0425,6,17,19
Building 36,2026-01-24,HVAC,1309.986,1,14,14
Building 22,2026-01-25,Pest Control,1708.596,5,11,33
Building 34,2026-01-26,Pest Control,2340.085,1,2,40
Building 8,2026-01-27,Water Heater,3190.4105,0,3,44
Building 19,2026-01-28,Plumbing,2009.7455,13,11,22
Building 37,2026-01-29,Water Heater,1241.227,6,6,9
Building 6,2026-01-30,Appliances,2465.986,12,14,14
Building 26,2026-01-31,Water Heater,3800.394,1,16,39
Building 34,2026-02-01,Water Heater,337.5,12,7,11
Building 6,2026-02-02,HVAC,350.0,13,8,27
Building 37,2026-02-03,Water Heater,1519.9379999999999,13,16,43
Building 33,2026-02-04,Pest Control,337.5,1,7,39
Building 22,2026-02-05,HVAC,1292.0224999999998,12,9,35
Building 21,2026-02-06,Electrical,2124.276,10,13,20
Building 6,2026-02-07,Plumbing,999.0015,4,1,8
Building 6,2026-02-08,HVAC,4266.794,13,8,42
Building 4,2026-02-09,Appliances,2171.304,4,4,37
Building 30,2026-02-10,Electrical,2047.5979999999997,6,3,43
Building 11,2026-02-11,HVAC,2454.5944999999997,0,3,32
Building 30,2026-02-12,HVAC,412.5,7,13,23
Building 31,2026-02-13,Plumbing,3630.2279999999996,2,8,26
Building 24,2026-02-14,Pest Control,1844.9910000000002,3,7,8
Building 9,2026-02-15,Appliances,2296.9065000000005,8,1,12
Building 3,2026-02-16,Roof,487.72799999999995,3,16,29
Building 31,2026-02-17,Roof,325.0,9,6,31
Building 37,2026-02-18,HVAC,3172.068,11,7,44
Building 36,2026-02-19,Water Heater,2982.48,4,12,43
Building 24,2026-02-20,Appliances,663.723,6,9,43
Building 31,2026-02-21,Electrical,764.7235000000001,3,11,11
Building 6,2026-02-22,Water Heater,4031.9700000000003,13,10,43
Building 2,2026-02-23,Water Heater,262.5,0,1,25
Building 20,2026-02-24,Appliances,3908.328,8,4,23
Building 28,2026-02-25,Pest Control,574.15,3,5,25
Building 11,2026-02-26,HVAC,3120.7335,8,9,29
Building 4,2026-02-27,HVAC,2013.7620000000002,5,17,9
Building 15,2026-02-28,HVAC,2430.5365,0,3,28
Building 6,2026-03-01,HVAC,1532.6460000000002,11,16,43
Building 30,2026-03-02,Roof,1588.6625000000001,2,5,36
Building 38,2026-03-03,HVAC,2691.018,10,16,33
Building 2,2026-03-04,Roof,399.72849999999994,1,3,28
Building 15,2026-03-05,Roof,3963.5924999999997,8,15,24
Building 11,2026-03-06,Pest Control,1018.2905,11,3,23
Building 8,2026-03-07,HVAC,2037.5179999999998,0,14,38
Building 26,2026-03-08,Plumbing,641.196,12,16,16
Building 5,2026-03-09,Electrical,462.5,13,17,38
Building 6,2026-03-10,Water Heater,2107.7789999999995,8,14,21
Building 26,2026-03-11,Roof,7181.79,8,15,44
Building 4,2026-03-12,Appliances,4047.855,7,15,9
Building 19,2026-03-13,Appliances,1857.453,7,6,21
Building 20,2026-03-14,Electrical,2031.435,10,15,40
Building 33,2026-03-15,Appliances,1769.652,13,4,42
Building 20,2026-03-16,Plumbing,2872.562,11,8,27
Building 12,2026-03-17,Appliances,437.5,0,15,9
Building 1,2026-03-18,Water Heater,3077.1124999999997,10,3,26
Building 26,2026-03-19,Water Heater,3914.61,7,15,44
Building 14,2026-03-20,Roof,3696.0,9,13,25
Building 38,2026-03-21,HVAC,2801.864,13,9,23
Building 37,2026-03-22,Pest Control,1618.738,2,2,11
Building 11,2026-03-23,Plumbing,3066.21,10,8,19
Building 36,2026-03-24,Roof,3886.8500000000004,6,17,36
Building 13,2026-03-25,Plumbing,1749.9239999999998,10,13,14
Building 3,2026-03-26,HVAC,859.992,0,1,21
Building 33,2026-03-27,Appliances,1718.2440000000001,0,2,19
Building 6,2026-03-28,Appliances,5519.360000000001,9,15,42
Building 10,2026-03-29,Pest Control,400.0,12,12,12
Building 5,2026-03-30,HVAC,425.0,4,14,24
Building 23,2026-03-31,Roof,1794.3640000000003,4,2,39
Building 10,2026-04-01,Pest Control,2033.073,7,7,17
Building 2,2026-04-02,HVAC,2132.884,6,6,24
Building 13,2026-04-03,Electrical,2921.1949999999997,7,14,12
Building 2,2026-04-04,Water Heater,1686.272,5,8,16
Building 20,2026-04-05,Pest Control,3397.735,5,2,40
Building 1,2026-04-06,Pest Control,462.5,1,17,43
Building 37,2026-04-07,Roof,673.3125,5,5,43
Building 9,2026-04-08,Plumbing,2271.914,4,14,25
Building 17,2026-04-09,Electrical,287.5,12,3,16
Building 9,2026-04-10,Roof,1570.6999999999998,2,5,36
Building 11,2026-04-11,HVAC,5899.716,5,16,21
Building 15,2026-04-12,HVAC,2725.0130000000004,7,17,32
Building 24,2026-04-13,HVAC,2640.8435,8,11,22
Building 38,2026-04-14,HVAC,462.5,0,17,13
Building 35,2026-04-15,Plumbing,1389.6000000000001,2,16,36
Building 30,2026-04-16,Electrical,1141.008,2,2,22
Building 31,2026-04-17,Appliances,1320.6119999999999,10,4,36
Building 5,2026-04-18,Water Heater,3860.7435,7,7,11
Building 14,2026-04-19,Plumbing,2269.806,0,2,25
Building 11,2026-04-20,Plumbing,325.0,4,6,23
Building 9,2026-04-21,Appliances,3184.146,2,17,18
Building 34,2026-04-22,Appliances,2697.3540000000003,1,7,21
Building 12,2026-04-23,Water Heater,3380.2,7,5,10
Building 35,2026-04-24,Water Heater,3985.7375,2,5,25
Building 35,2026-04-25,Appliances,600.12,6,16,27
Building 1,2026-04-26,HVAC,809.1869999999999,11,9,32
Building 22,2026-04-27,Plumbing,312.5,10,5,20
Building 29,2026-04-28,Roof,1669.6119999999999,0,8,11
Building 8,2026-04-29,Water Heater,2846.3355,5,9,21
Building 11,2026-04-30,Water Heater,3170.0875,2,5,40
Building 37,2026-05-01,Appliances,2049.675,7,10,35
Building 14,2026-05-02,Electrical,1207.987,5,2,44
Building 30,2026-05-03,Roof,2344.5485,11,9,15
Building 35,2026-05-04,Roof,823.5770000000001,1,11,41
Building 21,2026-05-05,Water Heater,4498.187999999999,5,4,12
Building 37,2026-05-06,HVAC,275.0,6,2,12
Building 5,2026-05-07,Electrical,2149.1730000000002,4,6,38
Building 19,2026-05-08,Roof,6249.148999999999,2,14,16
Building 14,2026-05-09,Water Heater,1530.354,3,1,39
Building 26,2026-05-10,Roof,1675.296,3,7,40
Building 4,2026-05-11,Pest Control,1109.6505,5,1,10
Building 25,2026-05-12,Electrical,1314.1485,9,1,37
Building 25,2026-05-13,Electrical,3108.1365,0,1,19
Building 18,2026-05-14,Pest Control,300.0,10,4,36
Building 8,2026-05-15,Plumbing,3764.136,3,4,10
Building 14,2026-05-16,Pest Control,387.5,9,11,33
Building 32,2026-05-17,Appliances,1214.5140000000001,12,1,37
Building 38,2026-05-18,Appliances,1466.7450000000001,3,10,16
Building 33,2026-05-19,Water Heater,3041.2445,9,9,33
Building 23,2026-05-20,Electrical,300.0,0,4,9
Building 15,2026-05-21,Plumbing,2545.907,8,6,10
Building 33,2026-05-22,Plumbing,6618.132,3,16,11
Building 25,2026-05-23,Roof,275.0,6,2,32
Building 17,2026-05-24,Roof,2488.02,11,10,20
Building 33,2026-05-25,Pest Control,1335.3670000000002,13,17,42
Building 2,2026-05-26,Plumbing,3165.4919999999997,2,13,30
Building 14,2026-05-27,Pest Control,2427.249,9,13,16
Building 6,2026-05-28,Pest Control,1377.066,11,17,9
Building 6,2026-05-29,Roof,2483.3250000000003,2,5,38
Building 3,2026-05-30,Electrical,5323.909000000001,13,11,9
Building 7,2026-05-31,Pest Control,1674.0135,7,7,39
Building 8,2026-06-01,HVAC,3362.5950000000003,7,10,25
Building 15,2026-06-02,Electrical,462.5,10,17,20
Building 29,2026-06-03,Plumbing,696.36,11,15,12
Building 33,2026-06-04,Plumbing,2166.6150000000002,0,2,17
Building 30,2026-06-05,Pest Control,3699.036,9,4,32
Building 27,2026-06-06,Electrical,2117.3455,1,3,41
Building 36,2026-06-07,Roof,1492.6140000000003,7,7,44
Building 29,2026-06-08,Roof,2173.83,0,10,37
Building 38,2026-06-09,Appliances,337.5,11,7,14
Building 33,2026-06-10,Plumbing,2960.9579999999996,7,8,13
Building 37,2026-06-11,Water Heater,3146.7410000000004,7,6,10
Building 27,2026-06-12,Appliances,1000.335,1,1,20
Building 33,2026-06-13,Roof,1119.54,3,4,10
Building 4,2026-06-14,Electrical,2962.199,5,14,33
Building 22,2026-06-15,Roof,1793.7785000000001,11,17,31
Building 2,2026-06-16,Electrical,2134.7375,10,11,13
Building 10,2026-06-17,Appliances,6391.473,8,14,19
Building 5,2026-06-18,Plumbing,1708.4914999999999,7,9,43
Building 10,2026-06-19,Roof,1847.7024999999999,11,15,9
Building 33,2026-06-20,Pest Control,1180.3200000000002,7,12,18
Building 38,2026-06-21,Electrical,3402.915,6,10,41
Building 13,2026-06-22,Plumbing,1625.8450000000003,13,6,33
Building 31,2026-06-23,Water Heater,956.397,12,6,25
Building 36,2026-06-24,Electrical,4064.8019999999997,8,8,28
Building 24,2026-06-25,Appliances,3162.138,1,1,43
Building 15,2026-06-26,Water Heater,1460.6305,2,17,29
Building 29,2026-06-27,Water Heater,462.5,9,17,37
Building 8,2026-06-28,HVAC,4476.9725,7,15,37
Building 5,2026-06-29,Roof,940.8285,13,7,15
Building 29,2026-06-30,Electrical,2667.6434999999997,5,3,41
Building 4,2026-07-01,Water Heater,387.5,9,11,16
Building 12,2026-07-02,HVAC,3526.197,8,9,27
Building 2,2026-07-03,Appliances,375.0,9,10,32
Building 27,2026-07-04,Plumbing,2479.224,3,2,26
Building 31,2026-07-05,Pest Control,1538.9850000000001,7,1,12
Building 36,2026-07-06,Pest Control,721.206,9,16,18
Building 36,2026-07-07,Electrical,1854.181,2,17,22
Building 26,2026-07-08,Water Heater,2866.435,2,6,15
Building 27,2026-07-09,Pest Control,2663.016,7,14,26
Building 5,2026-07-10,Roof,3662.4874999999997,4,15,30
Building 20,2026-07-11,Pest Control,6160.936,2,14,34
Building 11,2026-07-12,Pest Control,287.5,9,3,39
Building 10,2026-07-13,Pest Control,5166.2880000000005,10,12,33
Building 38,2026-07-14,HVAC,1721.269,0,2,34
Building 6,2026-07-15,Water Heater,530.5409999999999,2,3,26
Building 8,2026-07-16,Roof,262.5,11,1,36
Building 23,2026-07-17,Water Heater,1614.5610000000001,8,6,40
Building 26,2026-07-18,Electrical,3079.775,4,5,26
Building 12,2026-07-19,Electrical,1375.1850000000002,11,1,44
Building 26,2026-07-20,Electrical,3267.8835,9,1,26
Building 13,2026-07-21,Appliances,450.0,1,16,40
Building 18,2026-07-22,Pest Control,2298.7200000000003,6,12,23
Building 25,2026-07-23,Appliances,350.0,1,8,30
Building 33,2026-07-24,HVAC,3330.0,3,16,14
Building 12,2026-07-25,Electrical,2546.859,11,1,33
Building 36,2026-07-26,Roof,1184.5919999999999,6,4,39
Building 4,2026-07-27,Water Heater,375.0,3,10,19
Building 5,2026-07-28,Pest Control,2586.7019999999998,6,11,15
Building 37,2026-07-29,Plumbing,3571.2585000000004,6,17,12
Building 8,2026-07-30,Roof,2557.8720000000003,0,7,35
Building 28,2026-07-31,Pest Control,4494.976000000001,5,12,12
Building 31,2026-08-01,Appliances,366.984,8,7,33
Building 9,2026-08-02,Appliances,3517.1839999999997,1,12,12
Building 29,2026-08-03,Roof,4833.08,13,15,29
Building 14,2026-08-04,Appliances,275.0,2,2,22
Building 22,2026-08-05,Electrical,3062.754,9,14,20
Building 11,2026-08-06,HVAC,1477.4099999999999,4,13,35
Building 23,2026-08-07,Water Heater,1632.396,8,4,40
Building 1,2026-08-08,HVAC,3115.148,3,14,30
Building 37,2026-08-09,Pest Control,1553.885,0,14,40
Building 21,2026-08-10,Water Heater,1272.096,3,16,25
Building 26,2026-08-11,Water Heater,2008.2195000000002,5,7,37
Building 36,2026-08-12,HVAC,279.43300000000005,4,2,33
Building 23,2026-08-13,Roof,383.385,13,10,23
Building 1,2026-08-14,Water Heater,4065.0235000000002,12,17,20
Building 15,2026-08-15,HVAC,312.5,0,5,40
Building 21,2026-08-16,Water Heater,3492.704,3,12,33
Building 9,2026-08-17,Plumbing,2546.505,5,6,8
Building 9,2026-08-18,Roof,362.5,12,9,9
Building 10,2026-08-19,Electrical,739.914,9,1,13
Building 26,2026-08-20,Water Heater,4836.16,9,15,31
Building 35,2026-08-21,Plumbing,481.93600000000004,13,6,25
Building 25,2026-08-22,Electrical,1220.908,3,6,34
Building 26,2026-08-23,Electrical,3231.1454999999996,13,13,15
Building 11,2026-08-24,Pest Control,2427.3165,8,1,35
Building 38,2026-08-25,Water Heater,1935.9615,4,13,17
Building 2,2026-08-26,HVAC,1070.199,7,7,24
Building 7,2026-08-27,Water Heater,5275.5675,8,15,36
Building 18,2026-08-28,Plumbing,5380.464,9,12,13
Building 27,2026-08-29,Electrical,2653.0769999999998,4,1,21
Building 34,2026-08-30,Water Heater,2701.7374999999997,5,15,29
Building 27,2026-08-31,HVAC,673.092,0,4,13
Building 17,2026-09-01,Pest Control,885.2415,10,13,33
Building 24,2026-09-02,Water Heater,2530.9625,11,5,19
Building 25,2026-09-03,Roof,2101.264,6,2,42
Building 7,2026-09-04,Pest Control,3141.3480000000004,3,1,21
Building 6,2026-09-05,HVAC,3897.9,10,16,29
Building 24,2026-09-06,Plumbing,325.0,1,6,30
Building 33,2026-09-07,Electrical,4692.852,4,16,14
Building 29,2026-09-08,Water Heater,598.621,11,14,32
Building 22,2026-09-09,HVAC,1181.7745,2,3,20
Building 26,2026-09-10,Pest Control,3019.135,5,15,28
Building 28,2026-09-11,Roof,4192.014499999999,7,3,17
Building 21,2026-09-12,HVAC,5358.001,6,2,16
Building 7,2026-09-13,Appliances,2223.27,2,1,22
Building 17,2026-09-14,Roof,1810.296,7,9,9
Building 20,2026-09-15,Pest Control,2955.042,1,9,32
Building 20,2026-09-16,Plumbing,3275.6670000000004,9,7,20
Building 22,2026-09-17,Electrical,1261.8604999999998,8,3,41
Building 28,2026-09-18,Pest Control,5308.3315,3,11,41
Building 7,2026-09-19,Plumbing,2299.158,0,7,42
Building 1,2026-09-20,Water Heater,2896.404,7,9,10
Building 32,2026-09-21,HVAC,2291.646,6,1,13
Building 13,2026-09-22,Appliances,3253.375,10,14,26
Building 30,2026-09-23,Roof,3084.679,12,6,10
Building 23,2026-09-24,Roof,1040.877,4,7,25
Building 19,2026-09-25,HVAC,1253.805,9,10,16
Building 32,2026-09-26,Appliances,337.5,12,7,19
Building 30,2026-09-27,HVAC,2126.795,4,2,12
Building 29,2026-09-28,Water Heater,2768.196,6,4,10
Building 29,2026-09-29,Plumbing,3614.0675,4,17,18
Building 30,2026-09-30,Pest Control,3456.5370000000003,7,1,37
Building 16,2026-10-01,Roof,2165.7599999999998,10,10,11
Building 19,2026-10-02,Water Heater,3824.835,12,15,12
Building 18,2026-10-03,Plumbing,375.0,5,10,8
Building 1,2026-10-04,Water Heater,1638.7040000000002,12,12,34
Building 14,2026-10-05,Appliances,3987.1620000000003,4,16,35
Building 2,2026-10-06,Roof,3456.8145000000004,8,9,36
Building 28,2026-10-07,Pest Control,1971.6200000000001,10,15,25
Building 30,2026-10-08,HVAC,2536.7940000000003,1,17,19
Building 38,2026-10-09,HVAC,425.0,0,14,20
Building 4,2026-10-10,Plumbing,1162.997,7,2,9
Building 1,2026-10-11,Pest Control,2915.304,11,4,44
Building 8,2026-10-12,Electrical,2811.6855,2,7,23
Building 29,2026-10-13,Appliances,3301.2045,13,13,31
Building 3,2026-10-14,Plumbing,2633.3125,10,15,42
Building 32,2026-10-15,Electrical,1530.6585,11,1,29
Building 10,2026-10-16,Water Heater,1121.6575,11,11,43
Building 10,2026-10-17,Appliances,3328.065,11,10,18
Building 19,2026-10-18,Water Heater,2391.3375,6,5,36
Building 34,2026-10-19,Pest Control,3584.196,9,16,42
Building 33,2026-10-20,Roof,1350.608,12,11,22
Building 23,2026-10-21,Appliances,325.0,10,6,38
Building 28,2026-10-22,Electrical,3852.4615,7,9,23
Building 32,2026-10-23,Roof,1523.4119999999998,12,13,17
Building 7,2026-10-24,HVAC,701.3299999999999,12,8,39
Building 29,2026-10-25,Electrical,3761.8109999999997,5,14,9
Building 8,2026-10-26,Plumbing,1069.7295,11,1,31
Building 1,2026-10-27,HVAC,4839.4705,9,17,30
Building 3,2026-10-28,HVAC,2660.8875,13,5,9
Building 24,2026-10-29,Plumbing,2422.123,8,2,38
Building 23,2026-10-30,Appliances,362.5,6,9,33
Building 8,2026-10-31,HVAC,3339.7679999999996,9,4,36
Building 37,2026-11-01,Pest Control,3214.1530000000002,4,17,10
Building 3,2026-11-02,Electrical,1931.03,7,17,21
Building 33,2026-11-03,Roof,2893.914,1,16,32
Building 28,2026-11-04,HVAC,350.0,6,8,8
Building 8,2026-11-05,Electrical,2944.256,3,11,10
Building 34,2026-11-06,Water Heater,476.53499999999997,8,10,33
Building 35,2026-11-07,Electrical,412.5,11,13,25
Building 32,2026-11-08,Roof,462.5,0,17,16
Building 24,2026-11-09,Electrical,4010.94,6,10,30
Building 14,2026-11-10,Plumbing,1364.058,5,16,28
Building 32,2026-11-11,Roof,3921.375,7,5,8
Building 16,2026-11-12,Appliances,1420.023,4,13,28
Building 4,2026-11-13,Water Heater,462.5,0,17,34
Building 37,2026-11-14,Plumbing,362.5,0,9,13
Building 21,2026-11-15,Appliances,4775.963,8,14,43
Building 14,2026-11-16,Electrical,2365.2435,9,17,35
Building 31,2026-11-17,Roof,1016.256,5,4,24
Building 18,2026-11-18,Water Heater,2845.535,9,15,10
Building 7,2026-11-19,Plumbing,3103.038,4,11,19
Building 10,2026-11-20,Appliances,4286.624,0,12,19
Building 7,2026-11-21,Appliances,4412.8575,5,9,9
Building 33,2026-11-22,Water Heater,1739.5124999999998,5,13,29
Building 23,2026-11-23,Pest Control,437.5,2,15,30
Building 21,2026-11-24,Electrical,1741.5825,12,15,37
Building 19,2026-11-25,Water Heater,2170.3875,7,5,12
Building 19,2026-11-26,Appliances,662.779,13,14,16
Building 36,2026-11-27,HVAC,734.6905,0,17,28
Building 29,2026-11-28,Plumbing,2102.3955,0,3,18
Building 18,2026-11-29,Water Heater,1536.1280000000002,5,2,12
Building 2,2026-11-30,Pest Control,1560.384,9,1,42
Building 1,2026-12-01,Appliances,923.49,12,10,34
Building 5,2026-12-02,Electrical,2213.636,0,17,9
Building 20,2026-12-03,Appliances,693.344,5,12,31
Building 11,2026-12-04,Electrical,2550.681,0,1,38
Building 2,2026-12-05,Water Heater,4142.032,13,12,40
Building 3,2026-12-06,Electrical,462.5,12,17,37
Building 23,2026-12-07,Roof,491.671,5,3,44
Building 12,2026-12-08,Roof,387.5,2,11,35
Building 20,2026-12-09,Roof,1359.6945,13,17,38
Building 5,2026-12-10,Pest Control,1561.953,13,3,18
Building 37,2026-12-11,Pest Control,350.0,7,8,30
Building 38,2026-12-12,HVAC,523.14,12,4,9
Building 30,2026-12-13,Pest Control,466.6275,5,7,34
Building 9,2026-12-14,Water Heater,2852.583,12,14,42
Building 34,2026-12-15,Appliances,2594.676,10,14,9
Building 35,2026-12-16,Appliances,787.308,12,4,44
Building 22,2026-12-17,HVAC,2960.1,0,16,28
Building 24,2026-12-18,Pest Control,891.0825,4,1,12
Building 17,2026-12-19,Electrical,2129.683,7,17,28
Building 10,2026-12-20,HVAC,4936.200000000001,2,10,36
Building 30,2026-12-21,Electrical,5264.118,11,16,27
Building 23,2026-12-22,Electrical,450.0,5,16,27
Building 32,2026-12-23,Plumbing,3307.794,4,8,32
Building 17,2026-12-24,Appliances,3162.429,5,7,9
Building 17,2026-12-25,Roof,325.0,9,6,39
Building 14,2026-12-26,Pest Control,4231.188,0,16,33
Building 9,2026-12-27,Electrical,5655.1140000000005,6,16,13
Building 2,2026-12-28,Plumbing,337.5,8,7,10
Building 25,2026-12-29,Appliances,639.0875,1,9,40
Building 9,2026-12-30,Roof,4368.031,9,14,8
Building 22,2026-12-31,Electrical,2710.3920000000003,4,11,12
Building 4,2027-01-01,Electrical,3496.254,9,14,20
Building 26,2027-01-02,HVAC,2463.2775,3,7,26
Building 29,2027-01-03,HVAC,1973.7585000000001,5,1,19
Building 34,2027-01-04,Appliances,412.5,5,13,32
Building 23,2027-01-05,Roof,2992.3575,10,3,42
Building 37,2027-01-06,Electrical,3283.86,1,4,19
Building 11,2027-01-07,Appliances,1856.3885000000002,1,11,37
Building 6,2027-01-08,Appliances,1542.3980000000001,3,2,12
Building 18,2027-01-09,Water Heater,425.0,0,14,41
Building 21,2027-01-10,Pest Control,3225.088,8,12,29
Building 36,2027-01-11,HVAC,3846.6310000000008,13,17,20
Building 38,2027-01-12,Roof,2210.544,13,12,10
Building 34,2027-01-13,Electrical,4298.8640000000005,12,12,27
Building 17,2027-01-14,Appliances,1136.646,6,1,38
Building 37,2027-01-15,Electrical,3417.2655,11,13,12
Building 25,2027-01-16,Water Heater,558.229,6,14,31
Building 38,2027-01-17,Roof,1566.499,2,2,40
Building 12,2027-01-18,Appliances,2013.1360000000002,10,12,15
Building 23,2027-01-19,Electrical,3056.112,11,16,31
Building 22,2027-01-20,HVAC,1252.224,2,4,27
Building 21,2027-01-21,Pest Control,1827.532,0,8,23
Building 27,2027-01-22,Water Heater,2594.5150000000003,2,2,19
Building 31,2027-01-23,Roof,1454.34,2,10,20
Building 6,2027-01-24,Water Heater,362.5,3,9,32
Building 27,2027-01-25,HVAC,5905.445,3,15,39
Building 34,2027-01-26,Roof,4899.839999999999,2,13,31
Building 12,2027-01-27,Water Heater,462.5,9,17,16
Building 7,2027-01-28,Plumbing,3975.624,11,16,30
Building 10,2027-01-29,HVAC,986.4030000000001,7,2,20
Building 17,2027-01-30,HVAC,2957.7279999999996,7,14,39
Building 26,2027-01-31,HVAC,2039.6975,12,3,22
Building 21,2027-02-01,Plumbing,1907.4400000000003,12,12,43
Building 28,2027-02-02,Plumbing,823.004,0,8,12
Building 2,2027-02-03,Electrical,759.44,6,2,29
Building 1,2027-02-04,Appliances,530.6279999999999,10,4,23
Building 36,2027-02-05,Pest Control,909.5,1,14,17
Building 26,2027-02-06,Water Heater,2476.98,0,16,31
Building 29,2027-02-07,Electrical,728.926,2,2,25
Building 21,2027-02-08,Water Heater,3520.4160000000006,3,12,25
Building 11,2027-02-09,Pest Control,5246.148999999999,12,14,14
Building 11,2027-02-10,Appliances,1055.5220000000002,5,6,11
Building 36,2027-02-11,Plumbing,2827.0109999999995,9,13,33
Building 35,2027-02-12,Appliances,2399.58,13,4,12
Building 34,2027-02-13,Plumbing,3150.7200000000003,4,12,23
Building 24,2027-02-14,Pest Control,2146.97,13,8,42
Building 22,2027-02-15,Appliances,3060.3825,3,7,33
Building 5,2027-02-16,Electrical,3564.846,7,16,25
Building 33,2027-02-17,Roof,325.0,10,6,36
Building 36,2027-02-18,Electrical,3729.4085000000005,11,11,30
Building 20,2027-02-19,Water Heater,3032.525,13,5,21
Building 19,2027-02-20,Electrical,1098.702,3,16,22
Building 35,2027-02-21,Pest Control,2013.8355000000001,12,7,40
Building 17,2027-02-22,HVAC,2752.075,9,5,32
Building 34,2027-02-23,Water Heater,1890.6125,11,11,28
Building 9,2027-02-24,Appliances,4602.990000000001,12,15,24
Building 26,2027-02-25,Water Heater,4657.799,1,3,30
Building 2,2027-02-26,Roof,731.775,2,5,24
Building 9,2027-02-27,Plumbing,312.5,5,5,21
Building 9,2027-02-28,Appliances,2587.09,7,9,36
Building 17,2027-03-01,Water Heater,3926.5099999999998,7,15,27
Building 1,2027-03-02,Appliances,1375.4574999999998,10,3,37
Building 25,2027-03-03,Appliances,3963.1670000000004,8,6,26
Building 25,2027-03-04,Appliances,462.5,6,17,20
Building 35,2027-03-05,Plumbing,3097.094,12,8,25
Building 3,2027-03-06,Pest Control,1214.5025,1,11,30
Building 37,2027-03-07,Electrical,4343.716,7,6,40
Building 30,2027-03-08,Appliances,5098.478,6,8,25
Building 38,2027-03-09,HVAC,910.02,7,10,16
Building 34,2027-03-10,Pest Control,972.3135,11,3,40
Building 12,2027-03-11,Roof,4072.4350000000004,2,14,39
Building 19,2027-03-12,Plumbing,1741.0720000000001,6,14,24
Building 37,2027-03-13,Water Heater,2100.075,9,10,26
Building 17,2027-03-14,Plumbing,2364.688,12,12,34
Building 10,2027-03-15,Water Heater,325.0,8,6,13
Building 12,2027-03-16,Plumbing,2295.648,2,12,42
Building 16,2027-03-17,Water Heater,1175.2099999999998,13,14,44
Building 24,2027-03-18,Appliances,998.316,9,2,41
Building 19,2027-03-19,Electrical,4405.099999999999,5,9,27
Building 8,2027-03-20,Water Heater,375.0,1,10,32
Building 31,2027-03-21,Water Heater,4337.3805,1,17,11
Building 21,2027-03-22,HVAC,2114.809,4,17,17
Building 17,2027-03-23,Water Heater,1313.599,4,3,17
Building 23,2027-03-24,HVAC,2435.3804999999998,12,1,31
Building 37,2027-03-25,Roof,2918.496,6,12,28
Building 16,2027-03-26,Appliances,2804.8545000000004,11,7,18
Building 6,2027-03-27,HVAC,3018.0,1,4,34
Building 8,2027-03-28,Electrical,1628.34,10,10,23
Building 25,2027-03-29,Pest Control,1281.291,13,13,33
Building 18,2027-03-30,Appliances,281.963,12,2,37
Building 25,2027-03-31,HVAC,813.0749999999999,6,10,23
Building 12,2027-04-01,Appliances,5632.8,4,4,14
Building 15,2027-04-02,Appliances,3523.9375,13,5,23
Building 26,2027-04-03,Appliances,275.0,5,2,42
Building 26,2027-04-04,Roof,400.0,7,12,23
Building 32,2027-04-05,Electrical,3663.0925,9,17,19
Building 10,2027-04-06,Plumbing,3077.9849999999997,12,10,42
Building 16,2027-04-07,Plumbing,2259.1470000000004,13,2,28
Building 7,2027-04-08,HVAC,1520.415,11,6,43
Building 17,2027-04-09,Appliances,1836.8,3,8,24
Building 23,2027-04-10,HVAC,2806.5385,12,11,39
Building 26,2027-04-11,Roof,2471.168,6,12,13
Building 21,2027-04-12,Roof,362.5,5,9,31
Building 22,2027-04-13,Water Heater,1316.9420000000002,9,2,34
Building 7,2027-04-14,Roof,718.83,1,8,27
